HolidayCountry,Date,HolidayName,UserDefinedColumn1
Switzerland,1/1/2018,NEW YEAR’S DAY,
Switzerland,1/2/2018,DAY AFTER NEW YEAR’S DAY,
Switzerland,3/30/2018,GOOD FRIDAY,
Switzerland,4/2/2018,EASTER MONDAY,
Switzerland,5/10/2018,ASCENSION DAY,
Switzerland,5/11/2018,Bridge Day,
Switzerland,4/28/1976,WHIT MONDAY,
Switzerland,4/28/1986,CORPUS CHRISTI,
Switzerland,8/1/2018,SWISS NATIONAL DAY,
Switzerland,8/15/2018,ASSUMPTION,
Switzerland,11/1/2018,ALL SAINTS,
Switzerland,12/8/2018,IMMACULATE CONCEPTION,
Switzerland,12/24/2018,CHRISTMAS EVE,
Switzerland,12/25/2018,CHRISTMAS DAY,
Switzerland,12/26/2018,BOXING DAY,
Switzerland,12/27/2018,Company Closure,
Switzerland,12/28/2018,Company Closure,
Switzerland,12/29/2018,Company Closure,
Switzerland,12/30/2018,Company Closure,
Switzerland,12/31/2018,Company Closure,
Switzerland,1/2/2019,Company Closure,
Ireland,1/1/2018,New Year's Day,
Ireland,3/19/2018,St Patrick's Day,
Ireland,4/2/2018,Easter Monday,
Ireland,5/7/2018,May Bank Holiday,
Ireland,6/4/2018,June Bank Holiday,
Ireland,8/6/2018,August Bank Holiday,
Ireland,10/29/2018,October Bank Holiday,
Ireland,12/25/2018,Christmas Day,
Ireland,12/26/2018,St Stephen's Day,
United Kingdom,1/1/2018,New Year's Day,
United Kingdom,3/30/2018,Good Friday,
United Kingdom,4/2/2018,Easter Monday,
United Kingdom,5/7/2018,Early May Bank Holiday,
United Kingdom,5/28/2018,Spring Bank Holiday,
United Kingdom,8/27/2018,Summer Bank Holiday,
United Kingdom,12/25/2018,Christmas Day,
United Kingdom,12/16/2018,Boxing Day,
Slovenia,1/1/2018,New Year's Day,
Slovenia,1/2/2018,New Year Holiday,
Slovenia,2/8/2018,Prešeren Day,
Slovenia,4/1/2018,Easter Day,
Slovenia,4/2/2018,Easter Monday,
Slovenia,4/27/2018,Resistance Day,
Slovenia,5/1/2018,Labour Day,
Slovenia,5/2/2018,Labour Day Holiday,
Slovenia,6/25/2018,National Day,
Slovenia,8/15/2018,Assumption Day,
Slovenia,10/31/2018,Reformation Day,
Slovenia,11/1/2018,All Saints' Day,
Slovenia,12/25/2018,Christmas Day,
Slovenia,12/26/2018,Independence and Unity Day,
Croatia,1/1/2018,New Year's Day,
Croatia,1/6/2018,Epiphany,
Croatia,4/2/2018,Easter Monday,
Croatia,5/1/2018,Labour Day,
Croatia,5/31/2018,Corpus Christi,
Croatia,6/22/2018,Anti-Fascist Resistance Day,
Croatia,6/25/2018,Statehood Day,
Croatia,8/5/2018,Victory Day,
Croatia,8/15/2018,Assumption Day,
Croatia,10/8/2018,Independence Day,
Croatia,11/1/2018,All Saints' Day,
Croatia,12/25/2018,Christmas Day,
Croatia,12/26/2018,St Stephen's Day,
Australia,1/1/2018,New Year's Day,
Australia,1/26/2018,Australia Day,
Australia,3/5/2018,Labour Day,
Australia,3/12/2018,Canberra Day,
Australia,3/12/2018,Adelaide Cup,
Australia,3/12/2018,Eight Hours Day,
Australia,3/12/2018,Labour Day,
Australia,3/30/2018,Good Friday,
Australia,4/2/2018,Easter Monday,
Australia,4/25/2018,Anzac Day,
Australia,5/7/2018,May Day,
Australia,5/7/2018,Labour Day,
Australia,5/28/2018,Reconciliation Day,
Australia,6/4/2018,Western Australia Day,
Australia,6/11/2018,Queen's Birthday,
Australia,8/6/2018,Picnic Day,
Australia,9/24/2018,Queen's Birthday,
Australia,10/1/2018,Labour Day,
Australia,tbc,Friday before AFL Grand Final,
Australia,10/1/2018,Queen's Birthday,
Australia,10/8/2018,Family & Community Day,
Australia,11/5/2018,Recreation Day,
Australia,11/6/2018,Melbourne Cup Day,
Australia,12/25/2018,Christmas Day,
Australia,12/26/2018,Boxing Day,
Australia,12/26/2018,Proclamation Day,
Japan,1/1/2018,New Year's Day,
Japan,1/2/2018,New Years Day,
Japan,1/3/2018,New Years Day,
Japan,1/4/2018,New Years Day,
Japan,1/8/2018,Coming of Age Day,
Japan,2/11/2018,National Foundation Day,
Japan,2/12/2018,Substitution for?National Foundation Day,
Japan,3/21/2018,Spring Equinox Day,
Japan,4/29/2018,Showa Day,
Japan,4/30/2018,Showa Day observed,
Japan,5/1/2018,AABP Company Holiday,
Japan,5/2/2018,AABP Special Company Holiday,
Japan,5/3/2018,Constitution Memorial Day,
Japan,5/4/2018,Greenery Day,
Japan,5/5/2018,Children's Day,
Japan,7/16/2018,Marine's Day,
Japan,8/11/2018,Mountain's Day,
Japan,8/13/2018,AABP Special Company Holiday,
Japan,8/14/2018,AABP Special Company Holiday,
Japan,8/15/2018,AABP Special Company Holiday,
Japan,9/17/2018,Respect for the Aged Day,
Japan,9/23/2018,Autumn Equinox Day,
Japan,9/24/2018,Substitution for Autumn Equinox Day,
Japan,10/8/2018,Health Sports Day,
Japan,11/3/2018,Culture Day,
Japan,11/23/2018,Labor Thanksgiving Day,
Japan,12/23/2018,Emperor's Birthday,
Japan,12/24/2018,Substitution for Emperor's Birthday,
Japan,12/31/2018,Year end office closure,
United Arab Emirates,1/1/2018,New years day,
United Arab Emirates,4/13/2018,Israa and Miraj Night,
United Arab Emirates,6/15/2018,Eid Al Fitr,
United Arab Emirates,6/16/2018,Eid Al Fitr,
United Arab Emirates,8/22/2018,Eid Al Adha,
United Arab Emirates,8/23/2018,Eid Al Adha,
United Arab Emirates,8/24/2018,Eid Al Adha,
United Arab Emirates,9/11/2018,Hijiri New Years Day,
United Arab Emirates,11/20/2018,Prophet Muhammad's birthday,
United Arab Emirates,11/30/2018,Martyr's Day,
United Arab Emirates,12/2/2018,UAE National Day,
Algeria,1/1/2018,New years day,
Algeria,5/1/2018,Labour Day,
Algeria,7/5/2018,Independence Day,
Algeria,6/15/2018,Aid El Fitr,
Algeria,8/22/2018,Aid El Adha,
Algeria,8/23/2018,Aid El Adha,
Algeria,11/1/2018,Anniversary of the revolution,
Algeria,9/12/2018,Islamic New Year,
Algeria,11/20/2018,Prophet Muhammad's birthday,
Morocco,1/1/2018,New years day,
Morocco,1/11/2018,Manifeste de l'independence,
Morocco,11/20/2018,Prophet Muhammad's birthday,
Morocco,5/1/2018,Labour Day,
Morocco,6/15/2018,Aid El Fitr,
Morocco,8/22/2018,Aid El Adha,
Morocco,8/23/2018,Aid El Adha,
Morocco,7/30/2018,Fete du trone,
Morocco,8/14/2018,Oued Eddhabab,
Morocco,8/20/2018,Revolution du Roi et du Peuple,
Morocco,8/21/2018,Fete de la Jeunesse,
Morocco,9/12/2018,Islamic New Year,
Morocco,11/6/2018,La marche verte,
Morocco,11/18/2018,Independence Day,
Lebanon,1/1/2018,New years day,
Lebanon,3/30/2018,Good Friday,
Lebanon,4/2/2018,Easter Monday,
Lebanon,5/1/2018,Labour Day,
Lebanon,6/15/2018,Aid El Fitr,
Lebanon,6/16/2018,Aid El Fitr,
Lebanon,8/22/2018,Aid El Adha,
Lebanon,8/23/2018,Aid El Adha,
Lebanon,8/15/2018,Assumption,
Lebanon,11/22/2018,Independence Day,
Lebanon,11/20/2018,Prophet Muhammad's birthday,
Lebanon,12/24/2018,Christmas Eve,
Lebanon,12/25/2018,Christmas Day,
Lebanon,12/31/2018,New Years Eve,
Jordan,1/1/2018,New years day,
Jordan,5/1/2018,Labour Day,
Jordan,5/25/2018,Independence Day,
Jordan,12/25/2018,Christmas Day,
Jordan,6/15/2018,Eid Al Fitr,
Jordan,6/16/2018,Eid Al Fitr,
Jordan,8/22/2018,Eid Al Adha,
Jordan,8/23/2018,Eid Al Adha,
Jordan,8/24/2018,Eid Al Adha,
Jordan,9/11/2018,Islamic New Year,
Jordan,11/20/2018,Prophet Muhammad's birthday,
Poland,1/1/2018,New Year,
Poland,1/6/2018,Epiphany,
Poland,4/1/2018,Easter,
Poland,4/2/2018,Easter Monday,
Poland,5/1/2018,Labour Day,
Poland,5/3/2018,Constitution Day,
Poland,5/20/2018,Pentecost,
Poland,5/31/2018,Corpus Christi,
Poland,8/15/2018,Assumption of Mary,
Poland,11/1/2018,All Saints' Day,
Poland,11/11/2018,National Independence Day,
Poland,12/25/2018,Christmas,
Poland,12/26/2018,Christmas ,
Singapore,1/1/2018,New Year’s Day,
Singapore,2/16/2018,Chinese New Year,
Singapore,2/17/2018,Chinese New Year,
Singapore,3/30/2018,Good Friday,
Singapore,5/1/2018,Labour Day,
Singapore,5/29/2018,Vesak Day,
Singapore,6/15/2018,Hari Raya Puasa,
Singapore,8/9/2018,National Day,
Singapore,8/22/2018,Hari Raya Haji,
Singapore,11/6/2018,Deepavali,
Singapore,12/25/2018,Christmas Day,
Hungary,1/1/2018,New Years' Eve,
Hungary,3/15/2018,National Day,
Hungary,moveable,Good Friday,
Hungary,moveable,Eastern Monday,
Hungary,5/1/2018,Labor Day,
Hungary,moveable,Pentecost Monday,
Hungary,8/20/2018,State Foundation Day,
Hungary,10/23/2018,National Day,
Hungary,11/1/2018,All Saints Day,
Hungary,12/25/2018,Christmas,
Hungary,12/26/2018,Christmas,
Austria,1/1/2018,New Year´s Day,
Austria,1/6/2018,Epiphany,
Austria,3/30/2018,Good Friday,
Austria,4/2/2018,Easter Monday,
Austria,5/1/2018,May (Labour) Day,
Austria,5/10/2018,Ascension Day,
Austria,5/21/2018,Whit Monday,
Austria,5/31/2018,Corpus Christi,
Austria,8/15/2018,Assumption Day,
Austria,10/26/2018,National Day,
Austria,11/1/2018,All Saints Day,
Austria,12/8/2018,Immaculate Conception Day,
Austria,12/25/2018,Christmas Day,
Austria,12/26/2018,St. Stephens Day,
Belgium,1/1/2018,New Year's day,
Belgium,4/2/2018,Easter Monday,
Belgium,5/1/2018,Labour day,
Belgium,5/10/2018,Ascension day,
Belgium,5/21/2018,Whit Monday,
Belgium,7/21/2018,Belgian National Holiday,
Belgium,8/15/2018,Assumption day,
Belgium,11/1/2018,All Saint's day,
Belgium,11/11/2018,Armistice day,
Belgium,12/25/2018,Christmas,
Czechia,1/1/2018,New Year,
Czechia,3/30/2018,Easter/Big Friday,
Czechia,5/1/2018,NA,
Czechia,5/8/2018,NA,
Czechia,7/5/2018,NA,
Czechia,7/6/2018,NA,
Czechia,9/28/2018,NA,
Czechia,10/28/2018,NA,
Czechia,11/11/2018,NA,
Czechia,12/24/2018,Christmas,
Czechia,12/25/2018,Christmas,
Czechia,12/26/2018,Christmas,
Czechia,4/1/2018,Easter/Big Friday,
Finland,1/1/2018,New year's Day,
Finland,1/6/2018,Epiphany,
Finland,3/30/2018,Good Friday,
Finland,4/1/2018,Easter Day,
Finland,4/2/2018,Easter Monday,
Finland,5/1/2018,May Day,
Finland,5/6/2018,Mother's day,
Finland,5/10/2018,Ascension,
Finland,5/20/2018,Whit Sunday,
Finland,6/22/2018,Midsummer Eve,
Finland,6/23/2018,Midsummer Day,
Finland,11/3/2018,All Saints' Day,
Finland,11/11/2018,Father's Day,
Finland,12/6/2018,Independency Day,
Finland,12/24/2018,Christmas Eve,
Finland,12/25/2018,Christmas Day,
Finland,12/26/2018,St. Stephen's Day,
Finland,12/31/2018,New year's Eve,
Norway,1/1/2018,New Year's Day,
Norway,3/29/2018,Maundy Thursday,
Norway,3/30/2018,Good Friday,
Norway,4/1/2018,Easter Day,
Norway,4/2/2018,Easter Monday,
Norway,5/1/2018,Labor Day,
Norway,5/10/2018,Ascension Day,
Norway,5/17/2018,17 May Constitution Day,
Norway,5/20/2018,Whit Sunday,
Norway,5/21/2018,Whit Monday,
Norway,12/25/2018,Christmas Day,
Norway,12/26/2018,Boxing Day,
Sweden,1/1/2018,New Year's Day,
Sweden,1/6/2018,13 days after Christmas,
Sweden,3/30/2018,Good Friday,
Sweden,4/1/2018,Easter Day,
Sweden,4/2/2018,Easter Monday,
Sweden,5/1/2018,Labor Day,
Sweden,5/10/2018,Ascension Day,
Sweden,5/20/2018,Whit Sunday,
Sweden,6/6/2018,Swedish nationalday,
Sweden,6/23/2018,Midsummer,
Sweden,11/3/2018,All Saints' Day,
Sweden,12/24/2018,Christmas Eve,
Sweden,12/25/2018,Christmas Day,
Sweden,12/26/2018,Boxing Day,
Estonia,1/1/2018,New Year's Day,
Estonia,2/24/2018,Independence Day,
Estonia,3/30/2018,Good Friday,
Estonia,4/1/2018, Easter Sunday,
Estonia,5/1/2018,Spring Day ,
Estonia,5/20/2018,Whit Sunday ,
Estonia,6/23/2018,Victory Day,
Estonia,6/24/2018,St John's Day,
Estonia,8/20/2018,Independence Restoration Day,
Estonia,12/24/2018,Christmas Eve ,
Estonia,12/25/2018,Christmas Day,
Estonia,12/26/2018,2nd Day of Christmas ,
Lithuania,1/1/2018,New Year's Day,
Lithuania,2/16/2018,Restoration of the State Day,
Lithuania,3/11/2018,Restoration of Independence Day,
Lithuania,4/1/2018,Easter Sunday,
Lithuania,4/2/2018,Easter Monday,
Lithuania,5/1/2018,Labour Day,
Lithuania,5/6/2018,Mother's Day,
Lithuania,6/3/2018,Father's Day,
Lithuania,6/24/2018,St. John's Day,
Lithuania,7/6/2018,Anniversary of the Coronation of King Mindaugas,
Lithuania,8/15/2018,Assumption Day,
Lithuania,11/1/2018,All Saint's Day,
Lithuania,12/24/2018,Christmas Eve,
Lithuania,12/25/2018,Christmas Day,
Lithuania,12/26/2018,Second Day of Christmas,
Latvia,1/1/2018,New Year's Day,
Latvia,3/30/2018,Good Friday,
Latvia,4/2/2018,Easter Monday,
Latvia,4/30/2018,Bridge Holiday as May Day falls on a Tuesday,
Latvia,5/1/2018,Labour Day,
Latvia,5/1/2018,Declaration of Independence day,
Latvia,5/13/2018,Mother's Day,
Latvia,6/23/2018,Midsummer Eve,
Latvia,6/24/2018,Midsummer - St. John's Day,
Latvia,9/9/2018,Father's Day,
Latvia,11/19/2018,Proclamation Day of the Republic of Latvia,
Latvia,12/24/2018,Christmas Eve ,
Latvia,12/25/2018,Christmas Day,
Latvia,12/26/2018,2nd Day of Christmas ,
Latvia,12/31/2018,New Year's Eve,
Denmark,1/1/2018,New Year's Day,
Denmark,3/25/2018,Palm Sunday,
Denmark,3/29/2018,Maundy Thursday ,
Denmark,3/30/2018,Good Friday ,
Denmark,4/1/2018,Easter Sunday ,
Denmark,4/2/2018,Easter Monday,
Denmark,4/27/2018,Great Prayer Day,
Denmark,5/10/2018,Ascension Day,
Denmark,5/20/2018,Whit Sunday,
Denmark,5/21/2018,Whit Monday,
Denmark,6/5/2018,Constitution Day,
Denmark,12/24/2018,Christmas Eve ,
Denmark,12/25/2018,Christmas Day,
Denmark,12/26/2018,Boxing day,
Denmark,12/31/2018,New Year's Eve,
Netherlands,1/1/2018,New Years Day,
Netherlands,4/1/2018,Easter Sunday ,
Netherlands,4/2/2018,Easter Monday ,
Netherlands,4/27/2018,Kingsday,
Netherlands,5/10/2018,Ascension Day,
Netherlands,5/20/2018,Pentecost,
Netherlands,5/21/2018,Whit Monday,
Netherlands,12/25/2018,Christmas Day,
Netherlands,12/26/2018,Boxing Day,
Colombia,1/1/2018,New Year,
Colombia,1/8/2018,Three Kings Day,
Colombia,3/19/2018,St. Joseph's Day,
Colombia,3/29/2018,Maundy Thursday,
Colombia,3/30/2018,Good Friday,
Colombia,5/1/2018,Labor Day,
Colombia,5/14/2018,Assumption Day,
Colombia,6/4/2018,Corpus Christi,
Colombia,6/11/2018,Sacred heart,
Colombia,7/2/2018,Saint Peter and Saint Paul,
Colombia,7/20/2018,Independence Day,
Colombia,8/7/2018,Battle of Boyaca,
Colombia,8/20/2018,Assumption day,
Colombia,10/15/2018,Day of race,
Colombia,11/5/2018,All Saints Day,
Colombia,11/12/2018,Independence of Cartagena,
Colombia,12/8/2018,Immaculate conception day,
Colombia,12/25/2018,Christmas,
Bulgaria,1/1/2018,New Year's Day,
Bulgaria,3/3/2018,Liberation Day,
Bulgaria,3/5/2018,Liberation Day Holiday,
Bulgaria,4/6/2018,Orthodox Good Friday,
Bulgaria,4/7/2018,Orthodox Easter Saturday,
Bulgaria,4/8/2018,Orthodox Easter Sunday,
Bulgaria,4/9/2018,Orthodox Easter Monday,
Bulgaria,5/1/2018,Labour Day,
Bulgaria,5/6/2018,Saint George`s Day/Army Day,
Bulgaria,5/7/2018,Saint George`s Day Holiday,
Bulgaria,5/24/2018,Culture and Literacy Day,
Bulgaria,9/6/2018,Unification Day,
Bulgaria,9/22/2018,Independence Day,
Bulgaria,12/24/2018,Christmas Eve,
Bulgaria,12/25/2018,Christmas Day,
Bulgaria,12/26/2018,2nd Day of Christmas,
South Africa,1/1/2018,New Year's Day,
South Africa,3/21/2018,Human Rights Day,
South Africa,3/30/2018,Good Friday,
South Africa,4/2/2018,Family Day,
South Africa,4/27/2018,Freedom Day,
South Africa,5/1/2018,Worker's Day,
South Africa,6/16/2018,Youth's Day,
South Africa,8/9/2018,National Women's Day,
South Africa,9/24/2018,Heritage Day,
South Africa,12/17/2018,Day of Reconciliation,
South Africa,12/24/2018,Christmas Eve,
South Africa,12/25/2018,Christmas,
South Africa,12/26/2018,Day of Goodwill,
Slovakia,1/1/2018,Day of the Establishment of the Slovak Republic,
Slovakia,1/6/2018,Epiphany,
Slovakia,3/30/2018,Good Friday,
Slovakia,4/2/2018,Easter Monday,
Slovakia,5/1/2018,Labour Day,
Slovakia,5/8/2018,Day of victory over fascism,
Slovakia,7/5/2018,St Cyril and Methodius Day,
Slovakia,8/29/2018,Slovak National Uprising anniversary,
Slovakia,9/1/2018,Slovak Constitution Day,
Slovakia,9/15/2018,Day of Our Lady of Sorrows,
Slovakia,11/1/2018,All Saints Day,
Slovakia,11/17/2018,Struggle for Freedom and Democracy Day,
Slovakia,12/24/2018,Christmas Eve,
Slovakia,12/25/2018,Christmas Day,
Slovakia,12/26/2018,St Stephens Day,
Mexico,1/1/2018,New Year's Day,
Mexico,2/5/2018,Mexican Constitution Day,
Mexico,3/19/2018,Benito Juarez Day,
Mexico,3/29/2018,Holy Thursday,
Mexico,3/30/2018,Good Friday,
Mexico,5/1/2018,Labor Day,
Mexico,5/10/2018,Mother's Day,
Mexico,11/1/2018,All Saints Day/ Day of the Dead,
Mexico,11/2/2018,All Saints Day/ Day of the Dead,
Mexico,11/19/2018,Mexican Revolution Anniversary,
Mexico,12/12/2018,Guadalupe Day,
Mexico,12/24/2018,Christmas Shutdown,
Mexico,12/25/2018,Christmas Shutdown,
Mexico,12/26/2018,Christmas Shutdown,
Mexico,12/27/2018,Christmas Shutdown,
Mexico,12/28/2018,Christmas Shutdown,
Mexico,12/29/2018,Christmas Shutdown,
Mexico,12/30/2018,Christmas Shutdown,
Mexico,12/31/2018,Christmas Shutdown,
Spain,1/1/2018,New Year,
Spain,3/30/2018,Holy Friday,
Spain,5/1/2018,Labor Day,
Spain,8/15/2018,Asunción Virgin ,
Spain,10/12/2018,National Holiday of Spain,
Spain,11/1/2018,All Saints'Day ,
Spain,12/6/2018,Constitution Day ,
Spain,12/25/2018,Christmas ,
Germany,1/1/2018,New Year's Day,
Germany,1/6/2018,Epiphany,
Germany,3/30/2018,Good Friday,
Germany,4/2/2018,Easter Monday,
Germany,5/1/2018,Labour Day,
Germany,5/10/2018,Ascension Day,
Germany,5/21/2018,Whit Monday,
Germany,5/31/2018,Corpus Christi,
Germany,8/15/2018,Assumption Day,
Germany,10/3/2018,Day of German Unity,
Germany,11/1/2018,All Saints' Day,
Germany,12/25/2018,Christmas Day,
Germany,12/26/2018,Boxing Day,
Greece,1/1/2018,New Year's Day,
Greece,1/6/2018,Epiphany,
Greece,2/19/2018,Ash Monday,
Greece,3/25/2018,Independence Day,
Greece,4/6/2018,Orthodox Good Friday,
Greece,4/9/2018,Orthodox Easter Monday,
Greece,5/1/2018,Labor Day,
Greece,5/28/2018,Holy Spirit Monday,
Greece,8/15/2018,Assumption Day,
Greece,10/28/2018,The Ochi Day,
Greece,12/25/2018,The Christamas Day,
Greece,12/26/2018,Synaxis of the Mother of God,
Thailand,1/1/2018,New Year's Day,
Thailand,1/2/2018,Substitution Day of 31-12-2017,
Thailand,2/16/2018,Chinese New Year,
Thailand,3/1/2018,Makha Bucha Day,
Thailand,4/6/2018,Charki Day,
Thailand,4/13/2018,Songkran Festival Day,
Thailand,4/16/2018,Substitution Day of 14-04-2018,
Thailand,5/1/2018,National Labour Day,
Thailand,5/29/2018,Viskha Bucha Day,
Thailand,7/27/2018,Asahna Bucha Day,
Thailand,7/30/2018,Substitution Day for H.M. the King's Birthday,
Thailand,8/13/2018,Substitution Day for King's Mother Birthday,
Thailand,10/15/2018,Substitution Day for King Bhumibol Memorial Day,
Thailand,10/23/2018,Chulalongkorn Day,
Thailand,12/5/2018,National Father's Day,
Thailand,12/31/2018,New Year's Eve,
China,1/1/2018,New Year’s Day,
China,2/15/2018,Chinese New Year,
China,2/16/2018,Chinese New Year,
China,2/19/2018,Chinese New Year,
China,2/20/2018,Chinese New Year,
China,2/21/2018,Chinese New Year,
China,4/5/2018,Tomb-Sweeping Day ,
China,4/6/2018,Tomb-Sweeping Day ,
China,5/1/2018,Labor Day,
China,6/18/2018,Dragon Boat Festival ,
China,9/24/2018,Mid-Autumn Festival ,
China,10/1/2018,National Day ,
China,10/2/2018,National Day ,
China,10/3/2018,National Day ,
China,10/4/2018,National Day ,
China,10/5/2018,National Day ,
China,10/6/2018,National Day ,
China,10/7/2018,National Day ,
France,1/1/2018,New Year ,
France,4/1/2018,Easter,
France,4/2/2018,Easter Monday,
France,5/1/2018,Labor Day,
France,5/8/2018,Victory 1945,
France,5/10/2018,Ascension,
France,5/20/2018,Pentecost,
France,5/21/2018,Pentecost Monday,
France,7/14/2018,National Day,
France,8/15/2018,Assumption,
France,11/1/2018,All Saints Day,
France,11/11/2018,Armistice Day,
France,12/25/2018,Christmas,
Italy,1/1/2018,New Year's Day,
Italy,1/6/2018,Epiphany,
Italy,4/1/2018,Easter Day,
Italy,4/2/2018,Easter Monday,
Italy,4/25/2018,Liberation Day,
Italy,5/1/2018,Labor Day,
Italy,6/2/2018,Republic Day,
Italy,8/15/2018,Assumption of Mary,
Italy,11/1/2018,All Saints' Day,
Italy,12/8/2018,Feast of the Immaculate Conception,
Italy,12/25/2018,Christmas Day,
Italy,12/26/2018,St. Stephen's Day,
Portugal,1/1/2018,New Years Holiday,
Portugal,2/13/2018,Carnival,
Portugal,3/30/2018,Good Friday,
Portugal,4/1/2018,Easter Sunday,
Portugal,4/25/2018,Freedom Day,
Portugal,5/1/2018,Labour Day,
Portugal,5/31/2018,Corpus Christi,
Portugal,6/10/2018,Portugal Day,
Portugal,6/13/2018,Feast of St Anthony,
Portugal,6/24/2018,Saint John's Day,
Portugal,6/29/2018,Saint Peter's Day,
Portugal,8/15/2018,Assumption of Mary,
Portugal,10/5/2018,Republic Day,
Portugal,11/1/2018,All Saints Day,
Portugal,12/1/2018,Restoration of Independence Day,
Portugal,12/8/2018,Immaculate Conception Day,
Portugal,12/25/2018,Christmas Day,
Russia Federation,1/1/2018,New Year's Holiday,
Russia Federation,1/2/2018,New Year's Holiday,
Russia Federation,1/3/2018,New Year's Holiday,
Russia Federation,1/4/2018,New Year's Holiday,
Russia Federation,1/5/2018,New Year's Holiday,
Russia Federation,1/6/2018,New Year's Holiday,
Russia Federation,1/7/2018,Christmas Day,
Russia Federation,1/8/2018,New Year's Holiday,
Russia Federation,2/23/2018,Mortherland Defender's Day,
Russia Federation,3/8/2018,International Women's Day,
Russia Federation,3/9/2018,International Women's Day (transfer),
Russia Federation,4/30/2018,Spring and Labour Day (transfer),
Russia Federation,5/1/2018,Spring and Labour Day,
Russia Federation,5/2/2018,Spring and Labour Day (Transfer),
Russia Federation,5/8/2018,Victory Day (transfer),
Russia Federation,5/9/2018,Victory Day,
Russia Federation,6/11/2018,Day of Russia (Transfer),
Russia Federation,6/12/2018,Day of Russia,
Russia Federation,11/5/2018,National Unity Day,
Hong Kong,1/1/2018,The first day of January,
Hong Kong,2/16/2018,Lunar New Year's Day,
Hong Kong,2/17/2018,The second day of Lunar New Year,
Hong Kong,2/19/2018,The fourth day of Lunar New Year,
Hong Kong,3/30/2018,Good Friday,
Hong Kong,3/31/2018,The day following Good Friday,
Hong Kong,4/2/2018,Easter Monday,
Hong Kong,4/5/2018,Ching Ming Festival,
Hong Kong,5/1/2018,Labour Day,
Hong Kong,5/22/2018,The Birthday of the Buddha,
Hong Kong,6/18/2018,Tuen Ng Festival,
Hong Kong,7/2/2018,The day following Hong Kong Special Administrative Region Establishment Day,
Hong Kong,9/25/2018,The day following the Chinese Mid-Autumn Festival,
Hong Kong,10/1/2018,National Day,
Hong Kong,10/17/2018,Chung Yeung Festival,
Hong Kong,12/25/2018,Christmas Day,
Hong Kong,12/26/2018,The first weekday after Christmas Day,
"Taiwan, Province of China",1/1/2018,New Year's Day,
"Taiwan, Province of China",2/15/2018,Chinese New Year,
"Taiwan, Province of China",2/16/2018,Chinese New Year,
"Taiwan, Province of China",2/19/2018,Chinese New Year,
"Taiwan, Province of China",2/20/2018,Chinese New Year,
"Taiwan, Province of China",2/28/2018,Peace Memorial Day ,
"Taiwan, Province of China",4/4/2018,Children's Day,
"Taiwan, Province of China",4/5/2018,Tomb Sweeping Day,
"Taiwan, Province of China",4/6/2018,Extra Holiday,
"Taiwan, Province of China",5/1/2018,Labor Day,
"Taiwan, Province of China",6/18/2018,Dragon Boat Festival,
"Taiwan, Province of China",9/24/2018,Mid-Autumn Festival ,
"Taiwan, Province of China",10/10/2018,National Day,
"Taiwan, Province of China",12/31/2018,Extra Holiday,
"Korea, Republic of",1/1/2018,New Year's day,
"Korea, Republic of",2/15/2018,Lunar New Year's day,
"Korea, Republic of",2/16/2018,Lunar New Year's day,
"Korea, Republic of",3/1/2018,Independence Movement day,
"Korea, Republic of",5/1/2018,May day,
"Korea, Republic of",5/7/2018,Children's day (Substitution holiday),
"Korea, Republic of",5/22/2018,Buddha's Birthday,
"Korea, Republic of",6/6/2018,Memorial Day,
"Korea, Republic of",6/13/2018,Regional Election Day,
"Korea, Republic of",8/15/2018,National Liberation Day ,
"Korea, Republic of",9/24/2018,Lunar Thanksgiving,
"Korea, Republic of",9/25/2018,Lunar Thanksgiving,
"Korea, Republic of",9/26/2018,Lunar Thanksgiving,
"Korea, Republic of",10/3/2018,Foundation Day ,
"Korea, Republic of",10/9/2018,Hangul Proclamation Day ,
"Korea, Republic of",12/25/2018,Christmas,
Egypt,1/7/2018,Coptic Christmas Day,
Egypt,1/25/2018,Revolution Day January 25,
Egypt,4/8/2018,Coptic Easter Sunday,
Egypt,4/9/2018,Sham  El Nessim,
Egypt,4/25/2018,Sinai Liberation Day,
Egypt,5/1/2018,Labour Day,
Egypt,6/15/2018,End of Ramadan,
Egypt,6/16/2018,End of Ramadan Day 2,
Egypt,6/17/2018,End of Ramadan Day 3,
Egypt,7/23/2018,Revolution Day July 23,
Egypt,8/22/2018,Eid  Al Adha,
Egypt,8/23/2018,Eid  Al Adha,
Egypt,8/24/2018,Eid  Al Adha,
Egypt,8/25/2018,Eid  Al Adha,
Egypt,9/11/2018,El Hijra,
Egypt,10/6/2018,Armed Forces Day,
Egypt,11/20/2018,Moilid El Nabi,
Turkey,1/1/2018,New Year's Day,
Turkey,4/23/2018,National Sovereignty and Children’s Day,
Turkey,5/1/2018,Labour Day,
Turkey,5/19/2018,Commemoration of Ataturk,
Turkey,6/14/2018,Ramadan Feast,
Turkey,6/15/2018,Ramadan Feast,
Turkey,6/16/2018,Ramadan Feast,
Turkey,6/17/2018,Ramadan Feast,
Turkey,7/15/2018,Democracy and National Solidarity Day,
Turkey,8/20/2018,Feast of Sacrifice,
Turkey,8/21/2018,Feast of Sacrifice,
Turkey,8/22/2018,Feast of Sacrifice,
Turkey,8/23/2018,Feast of Sacrifice,
Turkey,8/24/2018,Feast of Sacrifice,
Turkey,8/30/2018,Victory Day ,
Turkey,10/28/2018,Republic Day,
Turkey,10/29/2018,Republic Day,
Saudi Arabia,12/31/2018,New Years,
Saudi Arabia,6/13/2018,Eid Al Fitr Holiday,
Saudi Arabia,6/14/2018,Eid Al Fitr Holiday,
Saudi Arabia,6/15/2018,Eid Al Fitr Holiday,
Saudi Arabia,6/16/2018,Eid Al Fitr Holiday,
Saudi Arabia,6/17/2018,Eid Al Fitr Holiday,
Saudi Arabia,6/18/2018,Eid Al Fitr Holiday,
Saudi Arabia,6/19/2018,Eid Al Fitr Holiday,
Saudi Arabia,8/19/2018,Haj and Eid Al Adha Holiday,
Saudi Arabia,8/20/2018,Haj and Eid Al Adha Holiday,
Saudi Arabia,8/21/2018,Haj and Eid Al Adha Holiday,
Saudi Arabia,8/22/2018,Haj and Eid Al Adha Holiday,
Saudi Arabia,8/23/2018,Haj and Eid Al Adha Holiday,
Saudi Arabia,9/23/2018,National Day Holiday,
Algeria,1/1/2019,New Year’s Day,
Argentina,1/1/2019,New Year’s Day - Año Nuevo,
Australia,1/1/2019,New Year's Day,
Austria,1/1/2019,New Year´s Day - Neujahr,
Belgium,1/1/2019,New Year's Day - Nieuwjaar/Nouvel An,
Brazil,1/1/2019,New Year’s Day,
Bulgaria,1/1/2019,New Year's Day - ???? ??????,
Canada,1/1/2019,New Year’s Day,
China,1/1/2019,New Year’s Day,
Colombia,1/1/2019,New Year - Año Nuevo,
Croatia,1/1/2019,New Year - Nova godina,
Czechia,1/1/2019,New Year's Day - Nový Rok,
Czechia,1/1/2019,Restoration of Day of the Independent Czech State - Den obnovy samostatného ?eského státu ,
Denmark,1/1/2019,New Year's Day - Nytårsdag ,
Estonia,1/1/2019,New Year's Day - 1. jaanuar – uusaasta,
Finland,1/1/2019,New Year's Day - Uudenvuodenpäivä,
France,1/1/2019,New Year  - Nouvel An,
Germany,1/1/2019,New Year's Day - Neujahr,
Greece,1/1/2019,New Year's Day - ???????????,
Hong Kong,1/1/2019,The first day of January,
Hungary,1/1/2019,New Year's Day - Újév,
India,1/1/2019,New Year's Day,
Ireland,1/1/2019,New Year's Day,
Ireland,1/1/2019,New Year's Day,
Italy,1/1/2019,New Year's Day - Capodanno,
Japan,1/1/2019,New Year's Day - ??,
"Korea, Republic of",1/1/2019,New Year's day - ??,
Latvia,1/1/2019,New Year's Day - Jaunais Gads,
Lithuania,1/1/2019,New Year's Day - Naujieji metai,
Mexico,1/1/2019,New Year - Año Nuevo ,
Netherlands,1/1/2019,New Year's Day - Nieuwjaarsdag,
Norway,1/1/2019,New Year's Day - Nyttårsdag,
Poland,1/1/2019,New Year - Nowy Rok ,
Puerto Rico,1/1/2019,New Year's Day,
Romania,1/1/2019,New Year's Day - Anul Nou,
Russia Federation,1/1/2019,New Year holidays,
Saudi Arabia,1/1/2019,New Years - ??? ????? ?????????,
Singapore,1/1/2019,New Year's Day,
Slovenia,1/1/2019,New Year's Day  - Novo leto,
Sweden,1/1/2019,New Year's Day - Nyårsdagen,
Switzerland,1/1/2019,New Year's Day,
"Taiwan, Province of China",1/1/2019,Founding Day of the Republic of China  - ?????????,
Thailand,1/1/2019,New Year’s Day,
United Kingdom,1/1/2019,New Year's Day,
United States,1/1/2019,New Year's Day,
Japan,1/2/2019,New Years Day - AABP Holiday,
Romania,1/2/2019,Day after New Year's Day - Anul Nou,
Russia Federation,1/2/2019,New Year holidays,
Slovenia,1/2/2019,The day after New Years day - Novo leto,
Switzerland,1/2/2019,Day after New Year's Day,
Japan,1/3/2019,New Years Day - AABP Holiday,
Russia Federation,1/3/2019,New Year holidays,
Japan,1/4/2019,New Years Day - AABP Holiday,
Russia Federation,1/4/2019,New Year holidays,
Austria,1/6/2019,Epiphany - Heilige Drei Könige ,
Croatia,1/6/2019,Epiphany/Three Kings' Day - Sveta tri kralja,
Finland,1/6/2019,Epiphany - Loppiainen,
Germany,1/6/2019,Epiphany - Heilige Drei Könige,
Greece,1/6/2019,Epiphany - ?????????,
Italy,1/6/2019,Epiphany - Epifania,
Sweden,1/6/2019,Epiphany  - Trettondagen,
Colombia,1/7/2019,Day of the Three Kings - Día de los Reyes Magos,
Puerto Rico,1/7/2019,Three Kings Day,
Russia Federation,1/7/2019,New Year holidays,
Russia Federation,1/8/2019,New Year holidays,
Japan,1/14/2019,Coming of Age Day - ????,
Puerto Rico,1/21/2019,Marin Luther King Jr's Birthday,
United States,1/21/2019,Martin Luther King Jr's Birthday,
Romania,1/24/2019,Unification Day - Ziua Unirii Principatelor Române,
Brazil,1/25/2019,Birthday of City of São Paulo (Office),
Australia,1/28/2019,Australia Day,
"Taiwan, Province of China",2/1/2019,Amgen Taiwan Shutdown - ,
"Korea, Republic of",2/4/2019,Lunar New Year's day - ??,
Mexico,2/4/2019,Mexican Constitution Day  - Día de la Constitución Mexicana ,
"Taiwan, Province of China",2/4/2019,Chinese New Year Eve - ????,
China,2/5/2019,Chinese New Year - ??,
Hong Kong,2/5/2019,Lunar New Year's Day,
"Korea, Republic of",2/5/2019,Lunar New Year's day - ??,
Singapore,2/5/2019,Chinese New Year,
"Taiwan, Province of China",2/5/2019,Chinese New Year - ??,
Hong Kong,2/6/2019,The second day of Lunar New Year,
"Korea, Republic of",2/6/2019,Lunar New Year's day - ??,
Singapore,2/6/2019,Chinese New Year,
"Taiwan, Province of China",2/6/2019,Chinese New Year Holiday - ??,
Hong Kong,2/7/2019,The third day of Lunar New Year,
"Taiwan, Province of China",2/7/2019,Chinese New Year Holiday - ??,
Slovenia,2/8/2019,Prešeren Day  - Prešernov dan,
"Taiwan, Province of China",2/8/2019,Extra holiday - ??,
Japan,2/11/2019,National Foundation Day - ??????,
Lithuania,2/16/2019,National Day of Lithuania - Lietuvos valstyb?s atk?rimo diena,
Canada,2/18/2019,Family Day,
Thailand,2/19/2019,Makha Bucha Day,
Estonia,2/24/2019,Independence Day - iseseisvuspäev,
"Taiwan, Province of China",2/28/2019,Peace Memorial Day  - ?????,
"Korea, Republic of",3/1/2019,Independence Movement day - ???,
"Taiwan, Province of China",3/1/2019,extra holiday - ??,
Bulgaria,3/3/2019,Liberation Day - ??? ?? ?????????????? ?? ????????,
Argentina,3/4/2019,Carnival - Carnaval,
Brazil,3/4/2019,Carnival,
Bulgaria,3/4/2019,Liberation Day Holiday - ??? ?? ?????????????? ?? ????????,
India,3/4/2019,Maha Shivaratri,
Argentina,3/5/2019,Carnival - Carnaval,
Brazil,3/5/2019,Carnival,
Brazil,3/6/2019,Carnival,
Greece,3/11/2019,Clean Monday - ?????? ???????,
Lithuania,3/11/2019,Independence Restoration Day - Lietuvos nepriklausomyb?s atk?rimo diena,
Hungary,3/15/2019,National Day (Revolution Day) - Nemzeti Ünnep,
Ireland,3/17/2019,St Patrick's Day,
Ireland,3/18/2019,St Patrick's Day,
Mexico,3/18/2019,Benito Juarez Day  - Natalicio de Benito Juárez ,
India,3/21/2019,Holi,
Japan,3/21/2019,Vernal Equinox Day - ????,
Argentina,3/24/2019,National Day of Memory for Truth and Justice - Día Nacional de la Memoria por la Verdad y la Justic,
Colombia,3/25/2019,St. Joseph's Day - Día de San José,
Greece,3/25/2019,Independence Day - 25? ???????,
Argentina,4/2/2019,Veterans Day and the Fallen in the Falklands War - Día del Veterano y de los Caidos en la Guerra de,
China,4/5/2019,Tomb-Sweeping Day  - ???,
Hong Kong,4/5/2019,Ching Ming Festival,
"Taiwan, Province of China",4/5/2019,Tomb Sweeping Day - ?????,
"Taiwan, Province of China",4/7/2019,Children Day - ???,
Thailand,4/8/2019,Chakri Day,
Denmark,4/14/2019,Palm Sunday - Palmesøndag,
Thailand,4/15/2019,Substitution Day of 13/04/2019,
Thailand,4/16/2019,Substitution Day of 14/04/2019,
Argentina,4/18/2019,Easter - Holy Thursday - Jueves Santo,
Colombia,4/18/2019,Holy Thursday - Jueves Santo,
Denmark,4/18/2019,Maundy Thursday - Skærtorsdag ,
Mexico,4/18/2019,Holy Thursday  - Jueves Santo ,
Norway,4/18/2019,Maundy Thursday - Skjærtorsdag,
Puerto Rico,4/18/2019,Holy Thursday,
Argentina,4/19/2019,Easter - Good Friday - Viernes Santo,
Australia,4/19/2019,Good Friday,
Austria,4/19/2019,Good Friday - Karfreitag,
Brazil,4/19/2019,Good Friday           ,
Canada,4/19/2019,Good Friday,
Colombia,4/19/2019,Holy Friday - Viernes Santo,
Czechia,4/19/2019,Good Friday - Velký pátek,
Denmark,4/19/2019,Good Friday - Langfredag ,
Estonia,4/19/2019,Good Friday - suur reede,
Finland,4/19/2019,Good Friday - Pitkäperjantai,
Germany,4/19/2019,Good Friday - Karfreitag,
Hong Kong,4/19/2019,Good Friday,
Hungary,4/19/2019,Good Friday - Nagypéntek,
India,4/19/2019,Good Friday,
Latvia,4/19/2019,Good Friday - Liel? Piektdiena,
Mexico,4/19/2019,Good Friday - Viernes Santo,
Norway,4/19/2019,Good Friday - Langfredag,
Puerto Rico,4/19/2019,Good Friday,
Singapore,4/19/2019,Good Friday,
Sweden,4/19/2019,Good Friday - Långfredagen,
Switzerland,4/19/2019,Good Friday,
United Kingdom,4/19/2019,Good Friday,
Croatia,4/21/2019,Easter - Uskrs,
Denmark,4/21/2019,Easter Sunday - 1. påskedag,
Estonia,4/21/2019,Easter Sunday - ülestõusmispühade 1. püha,
Finland,4/21/2019,Easter Sunday - Pääsiäispäivä,
France,4/21/2019,Easter - Pâques,
Italy,4/21/2019,Easter Day - Pasqua,
Latvia,4/21/2019,Easter Sunday - Lieldienas,
Lithuania,4/21/2019,Easter Sunday - Velykos,
Netherlands,4/21/2019,Easter Sunday - Eerste Paasdag,
Norway,4/21/2019,Easter Sunday - 1. påskedag,
Slovenia,4/21/2019,Easter Sunday - Velika no?,
Sweden,4/21/2019,Easter Sunday - Påskdagen,
Australia,4/22/2019,Easter Monday,
Austria,4/22/2019,Easter Monday - Ostermontag,
Belgium,4/22/2019,Easter Monday - Paasmaandag/Lundi de Pâques ,
Croatia,4/22/2019,Easter Monday - Uskršnji ponedjeljak,
Czechia,4/22/2019,Easter Monday - Velikono?ní pond?lí,
Denmark,4/22/2019,Easter Monday - 2. påskedag ,
Finland,4/22/2019,Easter Monday - 2. pääsiäispäivä,
France,4/22/2019,Easter Monday - Lundi de Pâques,
Germany,4/22/2019,Easter Monday - Ostermontag,
Hong Kong,4/22/2019,Easter Monday,
Hungary,4/22/2019,Easter Monday - Húsvét,
Ireland,4/22/2019,Easter Monday,
Ireland,4/22/2019,Easter Monday,
Italy,4/22/2019,Easter Monday - Pasquetta,
Latvia,4/22/2019,Easter Monday - Otr?s Lieldienas,
Lithuania,4/22/2019,Easter Monday - antroji Velyk? diena,
Netherlands,4/22/2019,Easter Monday - Tweede Paasdag,
Norway,4/22/2019,Easter Monday - 2. påskedag,
Poland,4/22/2019,Easter Monday - Poniedzia?ek Wielkanocny,
Slovenia,4/22/2019,Easter Monday - Velikono?ni ponedeljek,
Sweden,4/22/2019,Easter Monday - Annandag påsk,
Switzerland,4/22/2019,Easter Monday,
United Kingdom,4/22/2019,Easter Monday,
Australia,4/25/2019,ANZAC Day,
Italy,4/25/2019,Liberation Day - Festa della Liberazione,
Bulgaria,4/26/2019,Orthodox Good Friday - ????????,
Greece,4/26/2019,Orthodox Good Friday - ?????? ?????????,
Romania,4/26/2019,Orthodox Good Friday - Vinerea Mare,
Bulgaria,4/27/2019,Orthodox Easter Saturday - ????????,
Netherlands,4/27/2019,Kings Day - Koningsdag,
Slovenia,4/27/2019,Resistance day - Dan upora proti okupatorju,
Bulgaria,4/28/2019,Orthodox Easter Sunday - ????????,
Romania,4/28/2019,Orthodox Easter Day - Paste,
Bulgaria,4/29/2019,Orthodox Easter Monday - ????????,
Greece,4/29/2019,Orthodox Easter Monday - ??????? ??? ?????,
Japan,4/29/2019,Showa Day - ????,
Romania,4/29/2019,Orthodox Easter Monday - Paste,
Japan,4/30/2019,Substitute Holiday - ???3?3??????,
Algeria,5/1/2019,Labour Day - Fete du Travail,
Argentina,5/1/2019,Labour Day - Día del Trabajo,
Austria,5/1/2019,May (Labour) Day - Staatsfeiertag,
Belgium,5/1/2019,Labour Day - Feest van de Arbeid/Fête du Travail ,
Brazil,5/1/2019,Labour Day,
Bulgaria,5/1/2019,Labour Day - ??? ?? ????? ? ?? ?????????????? ???????????? ???????????,
China,5/1/2019,Labor Day - ???,
Colombia,5/1/2019,Labor Day - Día del Trabajo,
Croatia,5/1/2019,Labour Day  - Praznik rada,
Czechia,5/1/2019,Labor Day - Svátek práce,
Denmark,5/1/2019,Labour Day -  Arbejdernes internationale kampdag,
Estonia,5/1/2019,Labour Day - kevadpüha,
Finland,5/1/2019,Labour Day - Vappu,
France,5/1/2019,Labor Day - Fete du travail,
Germany,5/1/2019,Labour Day - Tag der Arbeit,
Greece,5/1/2019,Labour Day - ??????????,
Hong Kong,5/1/2019,Labour Day,
Hungary,5/1/2019,Labor Day - Munka ünnep,
India,5/1/2019,Maharashtra Day,
Italy,5/1/2019,Labor Day - Festa dei Lavoratori,
Japan,5/1/2019,Enthronement Day - ???????,
"Korea, Republic of",5/1/2019,May day - ?????,
Latvia,5/1/2019,Labour Day - Darba sv?tki,
Lithuania,5/1/2019,Labour Day - Tarptautin? darbo diena,
Mexico,5/1/2019,Labor Day  - Día del Trabajo ,
Norway,5/1/2019,Labour Day - Arbeidernes internasjonale dag,
Poland,5/1/2019,Labour Day - ?wi?to Pracy,
Romania,5/1/2019,Labor Day - Ziua Muncii,
Russia Federation,5/1/2019,Labour Day,
Singapore,5/1/2019,Labour Day,
Slovenia,5/1/2019,May Day - Praznik dela,
Sweden,5/1/2019,Labour Day - Första maj,
"Taiwan, Province of China",5/1/2019,Labor Day - ???,
Thailand,5/1/2019,National Labour Day,
Japan,5/2/2019,Substitute Holiday - ???3?3??????,
Russia Federation,5/2/2019,Labour Day,
Slovenia,5/2/2019,May Day Holiday - Praznik dela,
Japan,5/3/2019,Constitution Memorial Day - ?????,
Poland,5/3/2019,Constitution Day - ?wi?to Konstytucji 3 Maja,
Russia Federation,5/3/2019,Labour Day,
Japan,5/4/2019,Greenery Day - ?????,
Latvia,5/4/2019,Independence Restoration Day - Latvijas Republikas Neatkar?bas atjaunošanas diena,
Japan,5/5/2019,Children's Day - ?????,
Mexico,5/5/2019,Battle Of Puebla  - Batalla de Puebla ,
Bulgaria,5/6/2019,Saint George`s Day/Army Day - ??????????/??? ?? ??????????? ?????,
Ireland,5/6/2019,May Day,
Ireland,5/6/2019,May Day,
Japan,5/6/2019,Substitute Holiday - ????,
"Korea, Republic of",5/6/2019,Children's day (Substitution holiday) - ????(?????),
United Kingdom,5/6/2019,Early May bank holiday,
Bulgaria,5/7/2019,Saint George`s Day Holiday - ??????????/??? ?? ??????????? ?????,
Czechia,5/8/2019,Liberation Day - Den vít?zství,
France,5/8/2019,Victory 1945 - Victoire 1945,
Russia Federation,5/9/2019,Victory Day,
Mexico,5/10/2019,Mothers Days  - Día de las Madres ,
Russia Federation,5/10/2019,Victory Day,
"Korea, Republic of",5/12/2019,Buddha's Birthday - ??????,
Latvia,5/12/2019,Mothers' Day - M?tes diena,
Hong Kong,5/13/2019,The day following the Birthday of the Buddha,
Denmark,5/17/2019,Great Prayer Day - Store bededag,
Norway,5/17/2019,National Day of Norway - Grunnlovsdagen,
Singapore,5/19/2019,Vesak Day,
Canada,5/20/2019,Victoria Day,
Thailand,5/20/2019,Substitution Day of Visakha Bucha Day,
Bulgaria,5/24/2019,Culture and Literacy Day - ???? ?? ??????????? ???????? ? ??????? ? ?? ??????????? ?????????,
Argentina,5/25/2019,May Revolution Day - Día de la Revolución de Mayo,
Puerto Rico,5/27/2019,Memorial Day,
United Kingdom,5/27/2019,Spring bank holiday,
United States,5/27/2019,Memorial Day,
Austria,5/30/2019,Ascension Day - Christi Himmelfahrt,
Belgium,5/30/2019,Ascesion Day - OH Hemelvaart/Ascension,
Denmark,5/30/2019,Asciension Day - Kristi Himmelfartsdag,
Finland,5/30/2019,Asciension Day - Helatorstai,
France,5/30/2019,Ascension - Ascension,
Germany,5/30/2019,Ascension Day - Christi Himmelfahrt,
Netherlands,5/30/2019,Ascension Day - Hemelvaartsdag,
Norway,5/30/2019,Asciension Day - Kristi himmelfartsdag ,
Sweden,5/30/2019,Asciension Day - Kristi himmelfärdsdagen,
Switzerland,5/30/2019,Ascension Day,
Switzerland,5/31/2019,Bridge Day,
Romania,6/1/2019,International Children's Day - Ziua Copilului,
Italy,6/2/2019,Republic Day - Festa della Rupubblica,
Colombia,6/3/2019,Ascension Day - Día de la Ascensión,
Ireland,6/3/2019,June bank holiday,
Ireland,6/3/2019,June Bank Holiday,
Algeria,6/5/2019,Aid El Fitr - Aid El Fitr,
Denmark,6/5/2019,Nation Day of Denmark - Grundlovsdag,
India,6/5/2019,Ramzan Id/Eid Fitar,
Saudi Arabia,6/5/2019,Eid Al Fitr Holiday - ??? ?????,
Singapore,6/5/2019,Hari Raya Puasa,
"Korea, Republic of",6/6/2019,Memorial Day - ???,
Saudi Arabia,6/6/2019,Eid Al Fitr Holiday - ??? ?????,
Sweden,6/6/2019,National Day of Sweden - Sveriges nationaldag,
Hong Kong,6/7/2019,Tuen Ng Festival,
"Taiwan, Province of China",6/7/2019,Dragon Boat Festival - ???,
Denmark,6/9/2019,Whit Sunday - Pinsedag,
Estonia,6/9/2019,Whit Sunday - nelipühade 1. püha,
Finland,6/9/2019,Whit Sunday - Helluntaipäivä,
France,6/9/2019,Pentecost - Pentecote,
Latvia,6/9/2019,Whit Sunday - Vasarsv?tki,
Netherlands,6/9/2019,Pentecost - Eerste Pinksterdag,
Norway,6/9/2019,Whit Sunday - 1. pinsedag ,
Saudi Arabia,6/9/2019,Eid Al Fitr Holiday - ??? ?????,
Slovenia,6/9/2019,Whit Sunday - Binkošti,
Sweden,6/9/2019,Whit Sunday - Pingstdagen,
Australia,6/10/2019,Queen's Birthday,
Austria,6/10/2019,Whit Monday - Pfingsmontag,
Belgium,6/10/2019,Whit Monday - Pinkstermaadag/Lundi de Pentecôte ,
Denmark,6/10/2019,Whit Monday - Anden pinsedag,
France,6/10/2019,Pentecost Monday - Lundi de Pentecote,
Germany,6/10/2019,Whit Monday - Pfingstmontag,
Hungary,6/10/2019,Whit Monday - Pünkösd,
Netherlands,6/10/2019,White Monday - Tweede Pinksterdag,
Norway,6/10/2019,Whit Monday - 2. pinsedag ,
Saudi Arabia,6/10/2019,Eid Al Fitr Holiday - ??? ?????,
Switzerland,6/10/2019,Whit Monday,
Saudi Arabia,6/11/2019,Eid Al Fitr Holiday - ??? ?????,
Russia Federation,6/12/2019,Russia Day ,
Argentina,6/17/2019,Day Pass to the Immortality of General Martín Miguel de Güemes - Paso a la Inmortalidad del General,
Greece,6/17/2019,Holy Spirit Monday - ????? ?????????,
Romania,6/17/2019,Decent of the Holy Spirit - Rusalii,
Argentina,6/20/2019,Day Pass to the Immortality of General Manuel Belgrano - Flag Day - Paso a la Inmortalidad del Gene,
Austria,6/20/2019,Corpus Christi - Fronleichnam,
Brazil,6/20/2019,Corpus Christi,
Croatia,6/20/2019,Corpus Christi  - Tijelovo,
Germany,6/20/2019,Corpus Christi - Fronleichnam,
Poland,6/20/2019,Corpus Christi - Bo?e Cia?o,
Switzerland,6/20/2019,Corpus Christi,
Brazil,6/21/2019,Corpus Christi (Bridge),
Croatia,6/22/2019,Anti-Fascist Resistance Day - Dan antifašisti?ke borbe,
Finland,6/22/2019,Midsummer - Juhannuspäivä,
Sweden,6/22/2019,Midsummer - Midsommar,
Estonia,6/23/2019,Victory Day - võidupüha,
Latvia,6/23/2019,Midsummer Eve - L?go Diena,
Canada,6/24/2019,Saint-Jean-Baptiste Day,
Colombia,6/24/2019,Corpus Christi - Corpus Christi,
Estonia,6/24/2019,Midsummer - jaanipäev,
Estonia,6/24/2019,Christmas Eve - jõululaupäev,
Latvia,6/24/2019,Midsummer Day - J??i,
Lithuania,6/24/2019,St John's Day - Jonin?s/Rasos,
Croatia,6/25/2019,Statehood Day  - Dan državnosti,
Slovenia,6/25/2019,Statehood Day - Dan državnosti,
Canada,7/1/2019,Canada Day (1),
Colombia,7/1/2019,Sacred heart - Sagrado Corazón,
Hong Kong,7/1/2019,Hong Kong Special Administrative Region Establishment Day,
United States,7/1/2019,Summer Shutdown,
Canada,7/2/2019,Canada Day (2),
United States,7/2/2019,Summer Shutdown,
United States,7/3/2019,Summer Shutdown,
Puerto Rico,7/4/2019,Independence Day,
United States,7/4/2019,Independence Day,
Algeria,7/5/2019,Independence Day - Fete de l'Independence,
Czechia,7/5/2019,St. Cyril and Methodus Day - Den slovanských v?rozv?st? Cyrila a Metod?je ,
Puerto Rico,7/5/2019,Floating Day,
United States,7/5/2019,Summer Shutdown,
Czechia,7/6/2019,Jan Hus Day - Den upálení mistra Jana Husa,
Lithuania,7/6/2019,King Mindaugas’ Coronation Day - Valstyb?s (Lietuvos karaliaus Mindaugo kar?navimo) diena,
Argentina,7/8/2019,Tourist Bridge Holiday - Día no laboral con fines turísticos,
Brazil,7/8/2019,São Paulo 1932 Revolution Celebration (Bridge),
Argentina,7/9/2019,Independence Day - Día de la Independencia,
Brazil,7/9/2019,São Paulo 1932 Revolution Celebration,
France,7/14/2019,National Day - Fete nationale,
Japan,7/15/2019,Marine's Day - ???,
Thailand,7/16/2019,Asahna Bucha Day,
Colombia,7/20/2019,Independence Day - Día de la Independencia,
Belgium,7/21/2019,Belgian National Holiday - Nationale feestdag/Fête Nationale ,
Thailand,7/29/2019,Substitution Day for H.M. the King’s Birthday,
Switzerland,8/1/2019,Swiss National Day,
Canada,8/5/2019,Civic Holiday,
Croatia,8/5/2019,Victory and Homeland Thanksgiving Day - Dan pobjede i domovinske zahvalnosti,
Ireland,8/5/2019,August bank holiday,
Ireland,8/5/2019,August Bank Holiday,
Colombia,8/7/2019,Boyaca's battle - Batalla de Boyacá,
Singapore,8/9/2019,National Day,
Japan,8/11/2019,Mountain's Day - ???,
Saudi Arabia,8/11/2019,Haj and Eid Al Adha Holiday - ??? ??????,
Singapore,8/11/2019,Hari Raya Haji,
Japan,8/12/2019,Substitute Holiday - ????,
Saudi Arabia,8/12/2019,Haj and Eid Al Adha Holiday - ??? ??????,
Thailand,8/12/2019,King’s Mother Birthday,
Japan,8/13/2019,AABP Special Company Holiday,
Saudi Arabia,8/13/2019,Haj and Eid Al Adha Holiday - ??? ??????,
Saudi Arabia,8/14/2019,Haj and Eid Al Adha Holiday - ??? ??????,
Austria,8/15/2019,Assumption Day - Maria Himmelfahrt,
Belgium,8/15/2019,Assumption Day - OLV Hemelvaart/Assomption ,
Croatia,8/15/2019,Assumption of Mary - Velika Gospa,
France,8/15/2019,Assumption - Assomption,
Germany,8/15/2019,Assumption Day - Mariä Himmelfahrt,
Greece,8/15/2019,Assumption Day - ???????? ??? ????????,
India,8/15/2019,Independence Day,
Italy,8/15/2019,Assumption of Mary - Ferragosto,
"Korea, Republic of",8/15/2019,National Liberation Day  - ???,
Lithuania,8/15/2019,Feast of the Assumption of Mary - Žolin? (Šv?. Mergel?s Marijos ?mimo ? dang? diena),
Poland,8/15/2019,Assumption of Mary - Wniebowzi?cie Naj?wi?tszej Maryi Panny,
Romania,8/15/2019,St Mary's Day - Adormirea Maicii Domnului,
Saudi Arabia,8/15/2019,Haj and Eid Al Adha Holiday - ??? ??????,
Slovenia,8/15/2019,Assumption Day - Marijino vnebovzetje,
Switzerland,8/15/2019,Assumption,
Argentina,8/17/2019,Passage to the Immortality of General José de San Martín - Paso a la Inmortalidad del General José ,
Argentina,8/19/2019,Tourist Bridge Holiday - Día no laboral con fines turísticos,
Colombia,8/19/2019,Assumption of the Virgin - Asunción de la Virgen,
Estonia,8/20/2019,Independence Restoration Day - taasiseseisvumispäev,
Hungary,8/20/2019,Saint Steven Day - Szent István ünnepe,
United Kingdom,8/26/2019,Summer bank holiday,
Canada,9/2/2019,Labour Day,
India,9/2/2019,Ganesh Chaturthi,
Puerto Rico,9/2/2019,Labor Day,
United States,9/2/2019,Labor Day,
Bulgaria,9/6/2019,Unification Day - ??? ?? ???????????? ?? ????????,
"Korea, Republic of",9/12/2019,Lunar Thanksgiving - ??,
"Korea, Republic of",9/13/2019,Lunar Thanksgiving - ??,
"Taiwan, Province of China",9/13/2019,Mid-Autumn Festival  - ???,
"Korea, Republic of",9/14/2019,Lunar Thanksgiving - ??,
Japan,9/16/2019,Respect for the Aged Day - ????,
Mexico,9/16/2019,Independence Day  - Día de la Independencia ,
Bulgaria,9/22/2019,Independence Day - ??? ?? ?????????????? ?? ????????,
Bulgaria,9/23/2019,Independence Day - ??? ?? ?????????????? ?? ????????,
Japan,9/23/2019,Autumn Equinox Day - ????,
Saudi Arabia,9/23/2019,National Day Holiday - ????? ??????,
Czechia,9/28/2019,St. Wenceslas Day - Den ?eské státnosti,
China,10/1/2019,National Day  - ???,
Hong Kong,10/1/2019,National Day,
India,10/2/2019,Gandhi Jayanti,
Germany,10/3/2019,Day of German Unity - Tag der Deutschen Einheit,
"Korea, Republic of",10/3/2019,Foundation Day  - ???,
Hong Kong,10/7/2019,Chung Yeung Festival,
Croatia,10/8/2019,Independence Day  - Dan neovisnosti,
India,10/8/2019,Dussehra ,
"Korea, Republic of",10/9/2019,Hangul Proclamation Day  - ???,
"Taiwan, Province of China",10/10/2019,National Day - ???,
"Taiwan, Province of China",10/11/2019,extra holiday - ??,
Argentina,10/12/2019,Day of Respect for Cultural Diversity - Día del Respeto a la Diversidad Cultural,
Argentina,10/14/2019,Tourist Bridge Holiday - Día no laboral con fines turísticos,
Canada,10/14/2019,Thanksgiving,
Colombia,10/14/2019,Day of race - Dia de la raza,
Japan,10/14/2019,Health Sports Day - ????,
Thailand,10/14/2019,Substitution Day for King Bhumibol Memorial Day,
Japan,10/22/2019,Enthronement Ceremony Day - ?????????????,
Hungary,10/23/2019,Republic Day - Forradalom ünnepe,
Thailand,10/23/2019,Chulalongkorn Day,
Austria,10/26/2019,National Day - Nationalfeiertag,
Singapore,10/27/2019,Deepavali,
Czechia,10/28/2019,Foundation of the Independent Czechoslovak State - Den vzniku samostatného ?eskoslovenského státu,
Greece,10/28/2019,The Ochi Day - 28? ?????????,
India,10/28/2019,Diwali ,
Ireland,10/28/2019,October bank holiday,
Ireland,10/28/2019,October Bank Holiday,
India,10/29/2019,Diwali,
Slovenia,10/31/2019,Reformation Day - Dan reformacije,
Algeria,11/1/2019,Anniversary of the revolution - Fete de la Revolution,
Austria,11/1/2019,All Saints Day - Allerheiligen,
Belgium,11/1/2019,All Saint'sDay - Allerheiligen/Toussaint ,
Croatia,11/1/2019,All Saints' Day - Dan svih svetih,
France,11/1/2019,All Saints Day - Toussaint,
Germany,11/1/2019,All Saints' Day - Allerheiligen,
Hungary,11/1/2019,All Saints' Day - Mindenszentek napja,
Italy,11/1/2019,All Saints' Day - Tutti i Santi,
Lithuania,11/1/2019,All Saint's Day - Vis? švent?j? diena,
Mexico,11/1/2019,All Saints Day & Day of the Dead  - Día de muertos ,
Poland,11/1/2019,All Saints' Day - Wszystkich ?wi?tych,
Slovenia,11/1/2019,All Saints` Day - Dan spomina na mrtve,
Switzerland,11/1/2019,All Saints,
Finland,11/2/2019,All Saint's Day - Pyhäinpäivä,
Sweden,11/2/2019,All Saint's Day - Alla helgons dag,
Japan,11/3/2019,Culture Day - ????,
Colombia,11/4/2019,All Saints Day - Día de todos los Santos,
Japan,11/4/2019,Substitute Holiday - ????,
Russia Federation,11/4/2019,National Unity day,
Belgium,11/11/2019,Armistice Day - Wapenstilstand/Armistice ,
Canada,11/11/2019,Remembrance Day,
Colombia,11/11/2019,Independence of Cartagena - Independencia de Cartagena,
France,11/11/2019,Armistice Day - Morts pour la France,
India,11/11/2019,Id-e-Milad (actual holiday is Sun 10 Nov),
Poland,11/11/2019,National Independence Day - ?wi?to Niepodleg?o?ci,
India,11/12/2019,Guru Nanak Birthday,
Brazil,11/15/2019,Republic Day Brazil ,
Czechia,11/17/2019,Struggle for Freedom and Democracy Day - Den boje za svobodu a demokracii,
Argentina,11/18/2019,National Sovereignty Day - Día de la Soberanía Nacional,
Latvia,11/18/2019,Republic of Latvia Proclamation Day - Latvijas Republikas proklam?šanas diena,
Mexico,11/18/2019,Mexican Revolution Anniversary  - Día de la Revolución Mexicana ,
Brazil,11/20/2019,Black Consciousness Day Brazil,
Japan,11/23/2019,Labor Thanksgiving Day - ??????,
Puerto Rico,11/28/2019,Thanksgiving Day,
United States,11/28/2019,Thanksgiving Day,
Puerto Rico,11/29/2019,Day After Thanksgiving ,
United States,11/29/2019,Day after Thanksgiving,
Thailand,12/5/2019,National Father’s day,
Finland,12/6/2019,National Day of Finland - Itsenäisyyspäivä,
Argentina,12/8/2019,Immaculate Conception Day - Virgen Maria - Inmaculada Concepción de María,
Austria,12/8/2019,Immaculate Conception Day - Maria Emfängnis,
Colombia,12/8/2019,Immaculate conception - Inmaculada Concepción,
Italy,12/8/2019,Feast of the Immaculate Conception - Festa dell'Immacolata,
Switzerland,12/8/2019,Immaculate Conception,
Thailand,12/10/2019,Constitution Day,
Mexico,12/12/2019,Guadalupe Day  - Día de la Virgen de Guadalupe ,
Brazil,12/20/2019,Year End Shutdown,
Argentina,12/23/2019,Year End Shutdown - Cierre de Fin de Año,
Brazil,12/23/2019,Year End Shutdown,
Canada,12/23/2019,Year End Shutdown,
United States,12/23/2019,Winter Shutdown,
Argentina,12/24/2019,Year End Shutdown - Cierre de Fin de Año,
Brazil,12/24/2019,Year End Shutdown,
Bulgaria,12/24/2019,Christmas Eve - ????? ?????,
Canada,12/24/2019,Year End Shutdown,
Czechia,12/24/2019,Christmas Eve - Št?drý den,
Hungary,12/24/2019,Public Holiday - Munkaszüneti nap,
Latvia,12/24/2019,Christmas Eve - Ziemassv?tku vakars,
Lithuania,12/24/2019,Christmas Eve - K??ios,
Mexico,12/24/2019,Christmas shutdown  ,
Puerto Rico,12/24/2019,Floating Day,
Switzerland,12/24/2019,Christmas Eve,
United States,12/24/2019,Winter Shutdown,
Argentina,12/25/2019,Christmas Day - Navidad,
Australia,12/25/2019,Christmas Day,
Austria,12/25/2019,Christmas Day - Christtag,
Belgium,12/25/2019,Christmas - Kerstdag/Noël ,
Brazil,12/25/2019,Year End Shutdown,
Bulgaria,12/25/2019,Christmas Day - ????????? ????????/ ??????,
Canada,12/25/2019,Christmas Day ,
Colombia,12/25/2019,Christmas - Navidad,
Croatia,12/25/2019,Christmas Day - Boži?,
Czechia,12/25/2019,Christmas Day - 1. svátek váno?ní,
Denmark,12/25/2019,Christmas Day - 1. juledag,
Estonia,12/25/2019,Christmas Day - esimene jõulupüha,
Finland,12/25/2019,Christmas Day - Joulupäivä,
France,12/25/2019,Christmas - Noel,
Germany,12/25/2019,Christmas Day - 1. Weihnachtsfeiertag,
Greece,12/25/2019,Christmas Day - ????????????,
Hong Kong,12/25/2019,Christmas Day,
Hungary,12/25/2019,Christmas - Karácsony,
India,12/25/2019,Christmas,
Ireland,12/25/2019,Christmas Day,
Ireland,12/25/2019,Christmas Day,
Italy,12/25/2019,Christmas Day - Natale,
"Korea, Republic of",12/25/2019,Christmas - ?????,
Latvia,12/25/2019,Christmas Day - Ziemassv?tki,
Lithuania,12/25/2019,Christmas Day - Kal?dos,
Mexico,12/25/2019,Christmas shutdown  ,
Netherlands,12/25/2019,Christmas Day - Eerste Kerstdag,
Norway,12/25/2019,Christmas Day - 1. juledag,
Poland,12/25/2019,Christmas - Bo?e Narodzenie ,
Puerto Rico,12/25/2019,Christmas Day,
Romania,12/25/2019,Christmas Day - Craciun,
Singapore,12/25/2019,Christmas Day,
Slovenia,12/25/2019,Christmas Day - Boži?,
Sweden,12/25/2019,Christmas Day - Juldagen,
Switzerland,12/25/2019,Christmas Day,
United Kingdom,12/25/2019,Christmas Day,
United States,12/25/2019,Christmas Day,
Argentina,12/26/2019,Year End Shutdown - Cierre de Fin de Año,
Australia,12/26/2019,Boxing Day,
Austria,12/26/2019,St. Stephens Day - Stefanitag,
Brazil,12/26/2019,Year End Shutdown,
Bulgaria,12/26/2019,2nd Day of Christmas - ????????? ????????/ ??????,
Canada,12/26/2019,Boxing Day,
Croatia,12/26/2019,Saint Stephen - Sveti Stjepan,
Czechia,12/26/2019,St. Stephen's Day - 2. svátek váno?ní,
Denmark,12/26/2019,Boxing Day - 2. juledag,
Estonia,12/26/2019,Boxing Day - teine jõulupüha,
Finland,12/26/2019,Boxing Day - Tapaninpäivä,
Germany,12/26/2019,Boxing Day - 2. Weihnachtsfeiertag,
Greece,12/26/2019,Synaxis of the Mother of God - ?????? ??? ????????? ????????,
Hong Kong,12/26/2019,The first weekday after Christmas Day,
Hungary,12/26/2019,Christmas - Karácsony,
Ireland,12/26/2019,St Stephen's Day,
Ireland,12/26/2019,St Stephen's Day,
Italy,12/26/2019,St. Stephen's Day - Santo Stefano,
Latvia,12/26/2019,Boxing Day - Otrie Ziemassv?tki,
Lithuania,12/26/2019,Boxing Day - Kal?dos (antra diena),
Mexico,12/26/2019,Christmas shutdown  ,
Netherlands,12/26/2019,Boxing Day - Tweede Kerstdag,
Norway,12/26/2019,Boxing Day - 2. juledag,
Poland,12/26/2019,Christmas  - Bo?e Narodzenie ,
Puerto Rico,12/26/2019,Holiday Shutdown,
Romania,12/26/2019,Second Day of Christmas - Craciun,
Slovenia,12/26/2019,Independence and Unity Day - Dan samostojnosti in enotnosti,
Sweden,12/26/2019,Boxing Day - Annandag jul,
Switzerland,12/26/2019,Boxing Day,
United Kingdom,12/26/2019,Boxing Day,
United States,12/26/2019,Winter Shutdown,
Argentina,12/27/2019,Year End Shutdown - Cierre de Fin de Año,
Brazil,12/27/2019,Year End Shutdown,
Canada,12/27/2019,Year End Shutdown,
Hungary,12/27/2019,Public Holiday - Munkaszüneti nap,
Mexico,12/27/2019,Year End Shutdown,
Puerto Rico,12/27/2019,Holiday Shutdown,
Switzerland,12/27/2019,Company Closure,
United States,12/27/2019,Winter Shutdown,
Mexico,12/28/2019,Year End Shutdown,
Switzerland,12/28/2019,Company Closure,
Switzerland,12/29/2019,Company Closure,
Argentina,12/30/2019,Year End Shutdown - Cierre de Fin de Año,
Brazil,12/30/2019,Year End Shutdown,
Canada,12/30/2019,Year End Shutdown,
Japan,12/30/2019,Year end office closure - AABP Holiday,
Puerto Rico,12/30/2019,Holiday Shutdown,
Switzerland,12/30/2019,Company Closure,
United States,12/30/2019,Winter Shutdown,
Argentina,12/31/2019,Year End Shutdown - Cierre de Fin de Año,
Brazil,12/31/2019,Year End Shutdown,
Brazil,12/31/2019,New Year's Eve,
Canada,12/31/2019,Year End Shutdown,
Japan,12/31/2019,Year end office closure - AABP Holiday,
Latvia,12/31/2019,New Year's Eve - Vecgada vakars,
Mexico,12/31/2019,New Year's Eve,
Puerto Rico,12/31/2019,Holiday Shutdown,
Switzerland,12/31/2019,Company Closure,
Thailand,12/31/2019,New year’s Eve,
United States,12/31/2019,Winter Shutdown,
